user_id,matched_user_id,action,timestamp
U101,U093,0,24-02-2026 16:28
U079,U020,1,24-02-2026 18:28
U002,U048,1,24-02-2026 20:28
U096,U114,1,25-02-2026 01:28
U038,U086,0,25-02-2026 03:28
U132,U036,0,25-02-2026 05:28
U008,U099,1,25-02-2026 09:28
U017,U023,1,25-02-2026 12:28
U148,U009,0,25-02-2026 14:28
U055,U104,1,25-02-2026 17:28
U097,U076,0,25-02-2026 19:28
U120,U148,0,26-02-2026 00:28
U125,U126,0,26-02-2026 02:28
U122,U085,0,26-02-2026 04:28
U111,U119,1,26-02-2026 08:28
U119,U078,0,26-02-2026 09:28
U101,U106,1,26-02-2026 12:28
U129,U047,0,26-02-2026 13:28
U065,U064,0,26-02-2026 15:28
U025,U115,0,26-02-2026 17:28
U121,U071,1,26-02-2026 18:28
U107,U016,0,26-02-2026 19:28
U140,U068,1,26-02-2026 20:28
U105,U109,1,27-02-2026 00:28
U135,U136,1,27-02-2026 03:28
U008,U114,0,27-02-2026 06:28
U147,U005,0,27-02-2026 08:28
U133,U144,0,27-02-2026 13:28
U141,U108,0,27-02-2026 17:28
U031,U131,1,27-02-2026 22:28
U115,U108,1,27-02-2026 23:28
U112,U100,0,28-02-2026 03:28
U043,U050,1,28-02-2026 06:28
U143,U149,1,28-02-2026 11:28
U095,U014,1,28-02-2026 14:28
U048,U037,1,28-02-2026 19:28
U138,U019,1,28-02-2026 23:28
U075,U067,1,01-03-2026 03:28
U009,U050,1,01-03-2026 06:28
U109,U046,0,01-03-2026 09:28
U005,U105,0,01-03-2026 14:28
U070,U083,0,01-03-2026 15:28
U136,U055,1,01-03-2026 16:28
U058,U050,0,01-03-2026 21:28
U069,U042,1,02-03-2026 02:28
U012,U095,0,02-03-2026 06:28
U149,U044,1,02-03-2026 11:28
U091,U109,1,02-03-2026 16:28
U028,U112,1,02-03-2026 19:28
U066,U013,1,02-03-2026 22:28
U076,U027,0,03-03-2026 02:28
U131,U027,0,03-03-2026 03:28
U077,U004,1,03-03-2026 07:28
U082,U067,1,03-03-2026 12:28
U079,U132,1,03-03-2026 16:28
U003,U011,1,03-03-2026 19:28
U131,U025,0,03-03-2026 23:28
U088,U140,1,04-03-2026 03:28
U042,U136,1,04-03-2026 05:28
U094,U072,1,04-03-2026 09:28
U062,U125,1,04-03-2026 11:28
U126,U080,1,04-03-2026 13:28
U027,U146,0,04-03-2026 16:28
U037,U120,0,04-03-2026 20:28
U126,U058,0,05-03-2026 00:28
U091,U087,1,05-03-2026 02:28
U011,U058,0,05-03-2026 03:28
U045,U053,0,05-03-2026 05:28
U121,U129,0,05-03-2026 08:28
U116,U115,0,05-03-2026 13:28
U094,U030,0,05-03-2026 16:28
U060,U003,0,05-03-2026 17:28
U043,U002,0,05-03-2026 22:28
U090,U020,0,06-03-2026 00:28
U047,U072,1,06-03-2026 02:28
U019,U094,0,06-03-2026 04:28
U089,U047,0,06-03-2026 06:28
U103,U048,0,06-03-2026 07:28
U129,U088,1,06-03-2026 08:28
U001,U125,0,06-03-2026 09:28
U078,U069,1,06-03-2026 12:28
U023,U100,1,06-03-2026 14:28
U110,U130,1,06-03-2026 19:28
U104,U125,1,06-03-2026 20:28
U150,U149,1,06-03-2026 22:28
U108,U103,1,07-03-2026 01:28
U112,U141,0,07-03-2026 05:28
U006,U059,1,07-03-2026 06:28
U116,U030,1,07-03-2026 11:28
U136,U149,1,07-03-2026 15:28
U020,U034,1,07-03-2026 19:28
U100,U040,1,07-03-2026 23:28
U013,U099,0,08-03-2026 03:28
U074,U070,0,08-03-2026 08:28
U099,U125,0,08-03-2026 09:28
U039,U103,0,08-03-2026 10:28
U022,U096,0,08-03-2026 11:28
U069,U133,1,08-03-2026 13:28
U044,U143,0,08-03-2026 15:28
U062,U068,1,08-03-2026 19:28
U117,U105,1,08-03-2026 20:28
U014,U002,1,09-03-2026 01:28
U077,U080,0,09-03-2026 04:28
U141,U060,1,09-03-2026 09:28
U134,U009,1,09-03-2026 13:28
U106,U147,1,09-03-2026 14:28
U032,U120,0,09-03-2026 16:28
U010,U122,0,09-03-2026 21:28
U056,U088,0,10-03-2026 02:28
U120,U143,0,10-03-2026 03:28
U064,U027,0,10-03-2026 04:28
U123,U019,0,10-03-2026 07:28
U033,U085,0,10-03-2026 11:28
U072,U009,1,10-03-2026 16:28
U040,U096,0,10-03-2026 18:28
U100,U098,0,10-03-2026 21:28
U067,U064,1,10-03-2026 23:28
U078,U085,0,11-03-2026 02:28
U058,U084,0,11-03-2026 03:28
U135,U043,0,11-03-2026 06:28
U093,U127,1,11-03-2026 09:28
U149,U089,0,11-03-2026 14:28
U142,U050,0,11-03-2026 18:28
U128,U026,0,11-03-2026 20:28
U068,U022,1,12-03-2026 00:28
U139,U006,1,12-03-2026 03:28
U067,U002,1,12-03-2026 04:28
U061,U011,1,12-03-2026 09:28
U118,U074,0,12-03-2026 10:28
U065,U129,0,12-03-2026 15:28
U085,U124,1,12-03-2026 18:28
U050,U118,0,12-03-2026 20:28
U003,U001,0,12-03-2026 22:28
U080,U083,1,12-03-2026 23:28
U140,U050,0,13-03-2026 02:28
U035,U031,0,13-03-2026 03:28
U051,U026,1,13-03-2026 07:28
U130,U087,1,13-03-2026 10:28
U041,U093,0,13-03-2026 12:28
U145,U058,0,13-03-2026 15:28
U063,U025,1,13-03-2026 16:28
U092,U098,1,13-03-2026 17:28
U022,U082,1,13-03-2026 21:28
U074,U082,0,14-03-2026 02:28
U011,U098,0,14-03-2026 03:28
U084,U110,1,14-03-2026 05:28
U145,U026,1,14-03-2026 08:28
U060,U077,0,14-03-2026 13:28
U137,U065,0,14-03-2026 16:28
U099,U081,0,14-03-2026 20:28
U054,U137,0,14-03-2026 21:28
U057,U052,1,14-03-2026 23:28
U096,U120,1,15-03-2026 03:28
U026,U005,1,15-03-2026 08:28
U038,U125,1,15-03-2026 09:28
U071,U108,1,15-03-2026 12:28
U016,U138,1,15-03-2026 14:28
U086,U117,1,15-03-2026 19:28
U021,U084,0,16-03-2026 00:28
U114,U121,0,16-03-2026 04:28
U148,U117,0,16-03-2026 09:28
U047,U133,1,16-03-2026 10:28
U059,U033,0,16-03-2026 14:28
U143,U067,1,16-03-2026 16:28
U122,U067,1,16-03-2026 18:28
U056,U084,0,16-03-2026 21:28
U098,U042,0,17-03-2026 01:28
U137,U057,0,17-03-2026 05:28
U109,U141,1,17-03-2026 08:28
U004,U105,0,17-03-2026 11:28
U012,U129,1,17-03-2026 15:28
U144,U067,0,17-03-2026 19:28
U085,U082,0,17-03-2026 20:28
U049,U015,1,18-03-2026 00:28
U029,U004,0,18-03-2026 02:28
U018,U102,0,18-03-2026 03:28
U103,U016,1,18-03-2026 08:28
U025,U004,0,18-03-2026 12:28
U046,U019,0,18-03-2026 17:28
U083,U110,0,18-03-2026 21:28
U073,U026,0,19-03-2026 02:28
U033,U008,0,19-03-2026 07:28
U049,U057,0,19-03-2026 12:28
U018,U056,1,19-03-2026 15:28
U059,U048,0,19-03-2026 16:28
U045,U054,1,19-03-2026 20:28
U083,U129,1,20-03-2026 01:28
U017,U131,0,20-03-2026 04:28
U021,U071,1,20-03-2026 06:28
U052,U074,0,20-03-2026 07:28
U139,U066,1,20-03-2026 09:28
U066,U046,0,20-03-2026 14:28
U142,U019,0,20-03-2026 18:28
U076,U045,1,20-03-2026 21:28
U093,U141,1,21-03-2026 01:28
U042,U139,1,21-03-2026 05:28
U046,U090,0,21-03-2026 06:28
U036,U014,1,21-03-2026 09:28
U084,U044,1,21-03-2026 10:28
U024,U056,0,21-03-2026 11:28
U146,U003,0,21-03-2026 16:28
U147,U080,1,21-03-2026 19:28
U036,U085,0,21-03-2026 22:28
U102,U092,1,21-03-2026 23:28
U034,U097,0,22-03-2026 04:28
U002,U101,0,22-03-2026 06:28
U026,U039,0,22-03-2026 11:28
U028,U143,0,22-03-2026 13:28
U006,U058,0,22-03-2026 14:28
U030,U048,1,22-03-2026 18:28
U063,U076,0,22-03-2026 23:28
U106,U041,1,23-03-2026 04:28
U061,U025,1,23-03-2026 05:28
U039,U026,0,23-03-2026 10:28
U082,U009,1,23-03-2026 15:28
U146,U140,0,23-03-2026 19:28
U118,U036,0,23-03-2026 23:28
U037,U054,1,24-03-2026 00:28
U125,U067,0,24-03-2026 05:28
U024,U137,0,24-03-2026 08:28
U144,U003,0,24-03-2026 10:28
U133,U071,1,24-03-2026 13:28
U108,U073,0,24-03-2026 15:28
U102,U028,1,24-03-2026 18:28
U064,U066,0,24-03-2026 20:28
U068,U125,0,25-03-2026 01:28
U117,U046,1,25-03-2026 05:28
U057,U056,1,25-03-2026 08:28
U019,U088,1,25-03-2026 09:28
U015,U137,1,25-03-2026 11:28
U132,U043,0,25-03-2026 16:28
U001,U142,0,25-03-2026 21:28
U138,U089,1,25-03-2026 23:28
U013,U015,0,26-03-2026 04:28
U075,U136,0,26-03-2026 08:28
U029,U061,0,26-03-2026 12:28
U016,U019,0,26-03-2026 14:28
U007,U144,0,26-03-2026 19:28
U005,U030,0,26-03-2026 21:28
U097,U084,1,27-03-2026 01:28
U124,U075,1,27-03-2026 04:28
U104,U026,1,27-03-2026 06:28
U087,U008,0,27-03-2026 09:28
U086,U048,0,27-03-2026 14:28
U020,U115,1,27-03-2026 19:28
U115,U071,0,27-03-2026 22:28
U130,U069,1,28-03-2026 01:28
U052,U125,1,28-03-2026 02:28
U073,U019,1,28-03-2026 03:28
U004,U093,1,28-03-2026 04:28
U009,U126,1,28-03-2026 05:28
U040,U114,0,28-03-2026 06:28
U134,U100,1,28-03-2026 08:28
U015,U062,1,28-03-2026 12:28
U007,U001,0,28-03-2026 15:28
U110,U057,1,28-03-2026 19:28
U050,U139,1,28-03-2026 23:28
U090,U026,1,29-03-2026 00:28
U053,U026,1,29-03-2026 02:28
U088,U081,1,29-03-2026 05:28
U053,U017,0,29-03-2026 07:28
U119,U124,0,29-03-2026 08:28
U023,U131,1,29-03-2026 11:28
U072,U110,1,29-03-2026 13:28
U048,U015,1,29-03-2026 16:28
U054,U045,1,29-03-2026 20:28
U089,U102,1,30-03-2026 00:28
U128,U106,1,30-03-2026 02:28
U150,U009,0,30-03-2026 07:28
U111,U091,1,30-03-2026 12:28
U127,U030,0,30-03-2026 14:28
U014,U133,1,30-03-2026 15:28
U010,U101,0,30-03-2026 20:28
U127,U023,1,30-03-2026 22:28
U055,U106,1,31-03-2026 03:28
U107,U014,1,31-03-2026 08:28
U027,U145,1,31-03-2026 12:28
U098,U094,1,31-03-2026 16:28
U044,U141,0,31-03-2026 20:28
U092,U010,0,31-03-2026 22:28
U071,U145,0,01-04-2026 02:28
U081,U094,1,01-04-2026 07:28
U034,U135,1,01-04-2026 09:28
U070,U113,1,01-04-2026 11:28
U031,U001,0,01-04-2026 15:28
U095,U033,0,01-04-2026 18:28
U113,U099,1,01-04-2026 19:28
U114,U058,0,01-04-2026 21:28
U080,U025,1,02-04-2026 01:28
U081,U018,0,02-04-2026 04:28
U113,U141,0,02-04-2026 09:28
U032,U044,1,02-04-2026 14:28
U041,U120,0,02-04-2026 16:28
U030,U019,1,02-04-2026 18:28
U035,U127,0,02-04-2026 20:28
U105,U071,0,03-04-2026 00:28
U051,U103,0,03-04-2026 03:28
U087,U016,0,03-04-2026 08:28
U124,U117,1,03-04-2026 11:28
U123,U143,1,03-04-2026 12:28
U001,U097,1,26-03-2026 23:17
U001,U095,0,27-03-2026 00:17
U001,U143,1,27-03-2026 01:17
U001,U127,1,27-03-2026 02:17
U001,U117,1,27-03-2026 03:17
U001,U122,1,27-03-2026 04:17
U001,U075,0,27-03-2026 05:17
U001,U145,0,27-03-2026 06:17
U001,U058,1,27-03-2026 07:17
U001,U029,1,27-03-2026 08:17
U001,U061,1,27-03-2026 09:17
U001,U071,0,27-03-2026 10:17
U001,U118,0,27-03-2026 11:17
U001,U105,0,27-03-2026 12:17
U001,U081,1,27-03-2026 13:17
U001,U014,1,26-03-2026 22:23
U001,U052,0,26-03-2026 22:23
U096,U146,0,27-03-2026 16:14
U096,U077,0,27-03-2026 16:14
U096,U093,0,27-03-2026 16:15
U005,U051,0,27-03-2026 16:19
U152,U050,0,01-04-2026 11:46
